Workbook

Sheet Parcial 1
B2: UNIVERSIDAD TECNOLÓGICA DE LEÓN.
B3: Mayo - Agosto 2026.
B4: INGENIERÍA EN DESARROLLO Y GESTIÓN DE SOFTWARE.
B5: IDGS 903
B6: EXTRACCIÓN DE CONOCIMIENTO EN BASES DE DATOS.
B8: No. | C8: Matrícula | D8: Nombre | E8: Asistencia | P8: Prácticas | X8: Tareas | AB8: Proyecto | AD8: Examen | AF8: Calif. Parcial 1
E9: S 1 | G9: S 2 | I9: S 3 | K9: S 4 | M9: S 5 | O9: Faltas
E10: 46141 | F10: 46142 | G10: 46148 | H10: 46149 | I10: 46155 | J10: 46156 | K10: 46162 | L10: 46163 | M10: 46169 | N10: 46170 | P10: 1.1 | Q10: 1.2 | R10: 1.3 | S10: 1.4 | T10: 1.5 | U10: 1.6 | V10: 1.7 | W10: 0.25 | X10: 1.1 | Y10: 1.2 | Z10: 1.3 | AA10: 0.25 | AB10: 1.1 | AC10: 0.25 | AD10: 1.1 | AE10: 0.25
B11: 1 | C11: 23001511 | D11: ARELLANO MARTINEZ ESTEFANIA ISABEL | E11: 0 | F11: 0 | G11: 1 | H11: 1 | I11: 1 | J11: 0 | K11: 0 | L11: 1 | O11: =SUM(E11:N11) -> 4 | P11: 6 | Q11: 0 | R11: 0 | S11: 0 | T11: 0 | U11: 0 | V11: 0 | W11: {=SUM((P11:V11)*25)/70} -> 2.1428571 | X11: 0 | Y11: 0 | Z11: 0 | AA11: {=SUM((X11:Z11)*25)/30} -> 0 | AF11: =(AE11+AC11+AA11+W11)/10 -> 0.21428571
B12: =B11+1 -> 2 | C12: 23001521 | D12: CORTES CRUZ MARIANA GUADALUPE | E12: 0 | F12: 0 | G12: 0 | H12: 0 | I12: 0 | J12: 0 | K12: 0 | L12: 0 | O12: =SUM(E12:N12) -> 0 | P12: 9 | Q12: 10 | R12: 9 | S12: 10 | T12: 10 | U12: 9 | V12: 9 | W12: {=SUM((P12:V12)*25)/70} -> 23.571429 | X12: 10 | Y12: 10 | Z12: 10 | AA12: {=SUM((X12:Z12)*25)/30} -> 25 | AF12: =(AE12+AC12+AA12+W12)/10 -> 4.8571429
B13: 3 | C13: 23001496 | D13: CRUZ DE LA CRUZ YANETH GUADALUPE | E13: 0 | F13: 0 | G13: 0 | H13: 0 | I13: 0 | J13: 0 | K13: 0 | L13: 0 | O13: =SUM(E13:N13) -> 0 | P13: 7 | Q13: 9 | R13: 9 | S13: 10 | T13: 10 | U13: 10 | V13: 10 | W13: {=SUM((P13:V13)*25)/70} -> 23.214286 | X13: 9 | Y13: 10 | Z13: 10 | AA13: {=SUM((X13:Z13)*25)/30} -> 24.166667 | AF13: =(AE13+AC13+AA13+W13)/10 -> 4.7380952
B14: =B13+1 -> 4 | C14: 23001488 | D14: CUELLAR GUTIERREZ JOSE ANGEL | E14: 0 | F14: 0 | G14: 0 | H14: 0 | I14: 0 | J14: 0 | K14: 0 | L14: 0 | O14: =SUM(E14:N14) -> 0 | P14: 10 | Q14: 10 | R14: 10 | S14: 10 | T14: 10 | U14: 10 | V14: 10 | W14: {=SUM((P14:V14)*25)/70} -> 25 | X14: 10 | Y14: 10 | Z14: 10 | AA14: {=SUM((X14:Z14)*25)/30} -> 25 | AF14: =(AE14+AC14+AA14+W14)/10 -> 5
B15: =B14+1 -> 5 | C15: 23001065 | D15: ESQUIVEL TORRES SALVADOR | E15: 0 | F15: 0 | G15: 0 | H15: 0 | I15: 0 | J15: 0 | K15: 0 | L15: 0 | O15: =SUM(E15:N15) -> 0 | P15: 10 | Q15: 9 | R15: 0 | S15: 0 | T15: 10 | U15: 0 | V15: 10 | W15: {=SUM((P15:V15)*25)/70} -> 13.928571 | X15: 10 | Y15: 0 | Z15: 0 | AA15: {=SUM((X15:Z15)*25)/30} -> 8.3333333 | AF15: =(AE15+AC15+AA15+W15)/10 -> 2.2261905
B16: =B15+1 -> 6 | C16: 23001491 | D16: FLOREANO PARRA REY ADONAI | E16: 0 | F16: 1 | G16: 0 | H16: 0 | I16: 0 | J16: 0 | K16: 0 | L16: 0 | O16: =SUM(E16:N16) -> 1 | P16: 10 | Q16: 10 | R16: 10 | S16: 10 | T16: 10 | U16: 10 | V16: 8 | W16: {=SUM((P16:V16)*25)/70} -> 24.285714 | X16: 10 | Y16: 10 | Z16: 10 | AA16: {=SUM((X16:Z16)*25)/30} -> 25 | AF16: =(AE16+AC16+AA16+W16)/10 -> 4.9285714
B17: =B16+1 -> 7 | C17: 23001358 | D17: GALVAN RODRIGUEZ ADRIANA MICHELLE | E17: 0 | F17: 0 | G17: 0 | H17: 0 | I17: 1 | J17: 0 | K17: 0 | L17: 1 | O17: =SUM(E17:N17) -> 2 | P17: 9 | Q17: 0 | R17: 0 | S17: 10 | T17: 0 | U17: 9 | V17: 9 | W17: {=SUM((P17:V17)*25)/70} -> 13.214286 | X17: 9 | Y17: 10 | Z17: 8 | AA17: {=SUM((X17:Z17)*25)/30} -> 22.5 | AF17: =(AE17+AC17+AA17+W17)/10 -> 3.5714286
B18: 8 | C18: 23001499 | D18: GARCIA HERNANDEZ JOSE JUAN | E18: 0 | F18: 0 | G18: 0 | H18: 0 | I18: 0 | J18: 0 | K18: 0 | L18: 0 | O18: =SUM(E18:N18) -> 0 | P18: 10 | Q18: 10 | R18: 10 | S18: 10 | T18: 10 | U18: 10 | V18: 10 | W18: {=SUM((P18:V18)*25)/70} -> 25 | X18: 10 | Y18: 10 | Z18: 10 | AA18: {=SUM((X18:Z18)*25)/30} -> 25 | AF18: =(AE18+AC18+AA18+W18)/10 -> 5
B19: 9 | C19: 23001507 | D19: GOMEZ DEANDA JONATHAN BRANDON | E19: 0 | F19: 0 | G19: 0 | H19: 0 | I19: 0 | J19: 0 | K19: 0 | L19: 0 | O19: =SUM(E19:N19) -> 0 | P19: 7 | Q19: 9 | R19: 9 | S19: 10 | T19: 0 | U19: 9 | V19: 8 | W19: {=SUM((P19:V19)*25)/70} -> 18.571429 | X19: 9 | Y19: 9 | Z19: 7 | AA19: {=SUM((X19:Z19)*25)/30} -> 20.833333 | AF19: =(AE19+AC19+AA19+W19)/10 -> 3.9404762
B20: =B19+1 -> 10 | C20: 22001028 | D20: GRANADOS CONCHAS MIRIAM CRISTINA | E20: 0 | F20: 0 | G20: 0 | H20: 0 | I20: 0 | J20: 0 | K20: 0 | L20: 0 | O20: =SUM(E20:N20) -> 0 | P20: 9 | Q20: 9 | R20: 9 | S20: 10 | T20: 0 | U20: 9 | V20: 9 | W20: {=SUM((P20:V20)*25)/70} -> 19.642857 | X20: 10 | Y20: 0 | Z20: 9 | AA20: {=SUM((X20:Z20)*25)/30} -> 15.833333 | AF20: =(AE20+AC20+AA20+W20)/10 -> 3.547619
B21: =B20+1 -> 11 | C21: 23001474 | D21: HERNANDEZ OROPEZA EMMANUELLE | E21: 0 | F21: 0 | G21: 0 | H21: 0 | I21: 1 | J21: 0 | K21: 0 | L21: 0 | O21: =SUM(E21:N21) -> 1 | P21: 7 | Q21: 10 | R21: 10 | S21: 10 | T21: 10 | U21: 10 | V21: 10 | W21: {=SUM((P21:V21)*25)/70} -> 23.928571 | X21: 9 | Y21: 10 | Z21: 10 | AA21: {=SUM((X21:Z21)*25)/30} -> 24.166667 | AF21: =(AE21+AC21+AA21+W21)/10 -> 4.8095238
B22: 12 | C22: 23001506 | D22: HERNANDEZ PARTIDA BRAYAN MIGUEL ANGEL | E22: 0 | F22: 0 | G22: 0 | H22: 0 | I22: 0 | J22: 0 | K22: 0 | L22: 0 | O22: =SUM(E22:N22) -> 0 | P22: 10 | Q22: 10 | R22: 10 | S22: 10 | T22: 10 | U22: 10 | V22: 10 | W22: {=SUM((P22:V22)*25)/70} -> 25 | X22: 9 | Y22: 10 | Z22: 10 | AA22: {=SUM((X22:Z22)*25)/30} -> 24.166667 | AF22: =(AE22+AC22+AA22+W22)/10 -> 4.9166667
B23: 13 | C23: 23001518 | D23: MAGAÑA BARRERA YTANG EMMANUEL | E23: 0 | F23: 0 | G23: 1 | H23: 0 | I23: 0 | J23: 0 | K23: 0 | L23: 0 | O23: =SUM(E23:N23) -> 1 | P23: 9 | Q23: 10 | R23: 10 | S23: 10 | T23: 10 | U23: 10 | V23: 10 | W23: {=SUM((P23:V23)*25)/70} -> 24.642857 | X23: 9 | Y23: 10 | Z23: 10 | AA23: {=SUM((X23:Z23)*25)/30} -> 24.166667 | AF23: =(AE23+AC23+AA23+W23)/10 -> 4.8809524
B24: 14 | C24: 22002496 | D24: MUÑOZ OLIVARES JOSE OSVALDO | E24: 0 | F24: 1 | G24: 0 | H24: 0 | I24: 0 | J24: 0 | K24: 0 | L24: 0 | O24: =SUM(E24:N24) -> 1 | P24: 10 | Q24: 10 | R24: 10 | S24: 10 | T24: 10 | U24: 10 | V24: 10 | W24: {=SUM((P24:V24)*25)/70} -> 25 | X24: 10 | Y24: 0 | Z24: 7 | AA24: {=SUM((X24:Z24)*25)/30} -> 14.166667 | AF24: =(AE24+AC24+AA24+W24)/10 -> 3.9166667
B25: 15 | C25: 23001468 | D25: PEREZ DE LA TORRE ERICK MISSAEL | E25: 0 | F25: 0 | G25: 0 | H25: 0 | I25: 0 | J25: 0 | K25: 0 | L25: 0 | O25: =SUM(E25:N25) -> 0 | P25: 10 | Q25: 10 | R25: 10 | S25: 10 | T25: 10 | U25: 10 | V25: 10 | W25: {=SUM((P25:V25)*25)/70} -> 25 | X25: 10 | Y25: 10 | Z25: 7 | AA25: {=SUM((X25:Z25)*25)/30} -> 22.5 | AF25: =(AE25+AC25+AA25+W25)/10 -> 4.75
B26: 16 | C26: 23001508 | D26: RAMIREZ NAVARRO JUAN PABLO | E26: 0 | F26: 0 | G26: 0 | H26: 0 | I26: 0 | J26: 0 | K26: 0 | L26: 0 | O26: =SUM(E26:N26) -> 0 | P26: 10 | Q26: 10 | R26: 10 | S26: 10 | T26: 10 | U26: 10 | V26: 10 | W26: {=SUM((P26:V26)*25)/70} -> 25 | X26: 10 | Y26: 10 | Z26: 10 | AA26: {=SUM((X26:Z26)*25)/30} -> 25 | AF26: =(AE26+AC26+AA26+W26)/10 -> 5
B27: 17 | C27: 23001523 | D27: RAMIREZ RIOS SANDRO ALEXIS | E27: 0 | F27: 0 | G27: 0 | H27: 0 | I27: 0 | J27: 0 | K27: 0 | L27: 0 | O27: =SUM(E27:N27) -> 0 | P27: 10 | Q27: 0 | R27: 10 | S27: 10 | T27: 10 | U27: 10 | V27: 9 | W27: {=SUM((P27:V27)*25)/70} -> 21.071429 | X27: 10 | Y27: 10 | Z27: 10 | AA27: {=SUM((X27:Z27)*25)/30} -> 25 | AF27: =(AE27+AC27+AA27+W27)/10 -> 4.6071429
B28: 18 | C28: 21002445 | D28: RIVERA HERNANDEZ JOSUE ARMANDO | E28: 0 | F28: 1 | G28: 0 | H28: 0 | I28: 0 | J28: 0 | K28: 0 | L28: 0 | O28: =SUM(E28:N28) -> 1 | P28: 10 | Q28: 10 | R28: 5 | S28: 10 | T28: 10 | U28: 0 | V28: 10 | W28: {=SUM((P28:V28)*25)/70} -> 19.642857 | X28: 0 | Y28: 10 | Z28: 10 | AA28: {=SUM((X28:Z28)*25)/30} -> 16.666667 | AF28: =(AE28+AC28+AA28+W28)/10 -> 3.6309524
B29: 19 | C29: 23000643 | D29: RIZO MENDOZA JUAN CARLOS | E29: 0 | F29: 0 | G29: 0 | H29: 0 | I29: 0 | J29: 0 | K29: 0 | L29: 0 | O29: =SUM(E29:N29) -> 0 | P29: 7 | Q29: 10 | R29: 10 | S29: 10 | T29: 10 | U29: 10 | V29: 0 | W29: {=SUM((P29:V29)*25)/70} -> 20.357143 | X29: 9 | Y29: 10 | Z29: 0 | AA29: {=SUM((X29:Z29)*25)/30} -> 15.833333 | AF29: =(AE29+AC29+AA29+W29)/10 -> 3.6190476
B30: 20 | C30: 22001418 | D30: RUIZ GONZALEZ MELCHOR | E30: 0 | F30: 0 | G30: 0 | H30: 0 | I30: 0 | J30: 0 | K30: 0 | L30: 0 | O30: =SUM(E30:N30) -> 0 | P30: 10 | Q30: 9 | R30: 9 | S30: 10 | T30: 10 | U30: 10 | V30: 10 | W30: {=SUM((P30:V30)*25)/70} -> 24.285714 | X30: 10 | Y30: 10 | Z30: 10 | AA30: {=SUM((X30:Z30)*25)/30} -> 25 | AF30: =(AE30+AC30+AA30+W30)/10 -> 4.9285714
B31: 21 | C31: 23001066 | D31: SANCHEZ PEREZ GILBERTO | E31: 0 | F31: 0 | G31: 0 | H31: 0 | I31: 0 | J31: 0 | K31: 0 | L31: 0 | O31: =SUM(E31:N31) -> 0 | P31: 9 | Q31: 10 | R31: 10 | S31: 10 | T31: 10 | U31: 9 | V31: 10 | W31: {=SUM((P31:V31)*25)/70} -> 24.285714 | X31: 10 | Y31: 0 | Z31: 8 | AA31: {=SUM((X31:Z31)*25)/30} -> 15 | AF31: =(AE31+AC31+AA31+W31)/10 -> 3.9285714
B32: 22 | C32: 23001525 | D32: VARGAS NUÑEZ PAULINA ANGELICA | E32: 0 | F32: 0 | G32: 0 | H32: 0 | I32: 0 | J32: 0 | K32: 0 | L32: 0 | O32: =SUM(E32:N32) -> 0 | P32: 9 | Q32: 9 | R32: 10 | S32: 10 | T32: 10 | U32: 10 | V32: 9 | W32: {=SUM((P32:V32)*25)/70} -> 23.928571 | X32: 10 | Y32: 10 | Z32: 10 | AA32: {=SUM((X32:Z32)*25)/30} -> 25 | AF32: =(AE32+AC32+AA32+W32)/10 -> 4.8928571
B33: 23 | C33: 23001519 | D33: VAZQUEZ GUTIERREZ LESLIE MICHELLE | E33: 0 | F33: 0 | G33: 1 | H33: 0 | I33: 0 | J33: 0 | K33: 0 | L33: 0 | O33: =SUM(E33:N33) -> 1 | P33: 10 | Q33: 10 | R33: 10 | S33: 10 | T33: 10 | U33: 10 | V33: 0 | W33: {=SUM((P33:V33)*25)/70} -> 21.428571 | X33: 10 | Y33: 10 | Z33: 10 | AA33: {=SUM((X33:Z33)*25)/30} -> 25 | AF33: =(AE33+AC33+AA33+W33)/10 -> 4.6428571
B34: 24 | C34: 23001503 | D34: ZAVALA ZAVALA JOSE LUIS URIEL | E34: 0 | F34: 0 | G34: 0 | H34: 0 | I34: 0 | J34: 0 | K34: 0 | L34: 0 | O34: =SUM(E34:N34) -> 0 | P34: 8 | Q34: 9 | R34: 0 | S34: 10 | T34: 10 | U34: 9 | V34: 0 | W34: {=SUM((P34:V34)*25)/70} -> 16.428571 | X34: 7 | Y34: 10 | Z34: 7 | AA34: {=SUM((X34:Z34)*25)/30} -> 20 | AF34: =(AE34+AC34+AA34+W34)/10 -> 3.6428571

Sheet Parcial 2
B2: UNIVERSIDAD TECNOLÓGICA DE LEÓN.
B3: Mayo - Agosto 2026.
B4: INGENIERÍA EN DESARROLLO Y GESTIÓN DE SOFTWARE.
B5: IDGS 903
B6: EXTRACCIÓN DE CONOCIMIENTO EN BASES DE DATOS.
B8: No. | C8: Matrícula | D8: Nombre | E8: Asistencia | P8: Prácticas | X8: Tareas | AB8: Proyecto | AD8: Examen | AF8: Calif. Parcial 2
E9: S 6 | G9: S 7 | I9: S 8 | K9: S 9 | M9: S 10 | O9: Faltas
E10: 46176 | F10: 46177 | G10: 46183 | H10: 46184 | I10: 46190 | J10: 46191 | K10: 46197 | L10: 46198 | M10: 46204 | N10: 46205 | P10: 2.1 | Q10: 2.2 | R10: 2.3 | S10: 2.4 | T10: 2.5 | U10: 2.6 | V10: 2.7 | W10: 0.25 | X10: 2.1 | Y10: 2.2 | Z10: 2.3 | AA10: 0.25 | AB10: 2.1 | AC10: 0.25 | AD10: 2.1 | AE10: 0.25
B11: 1 | C11: 23001511 | D11: ARELLANO MARTINEZ ESTEFANIA ISABEL
B12: =B11+1 -> 2 | C12: 23001521 | D12: CORTES CRUZ MARIANA GUADALUPE
B13: 3 | C13: 23001496 | D13: CRUZ DE LA CRUZ YANETH GUADALUPE
B14: =B13+1 -> 4 | C14: 23001488 | D14: CUELLAR GUTIERREZ JOSE ANGEL
B15: =B14+1 -> 5 | C15: 23001065 | D15: ESQUIVEL TORRES SALVADOR
B16: =B15+1 -> 6 | C16: 23001491 | D16: FLOREANO PARRA REY ADONAI
B17: =B16+1 -> 7 | C17: 23001358 | D17: GALVAN RODRIGUEZ ADRIANA MICHELLE
B18: 8 | C18: 23001499 | D18: GARCIA HERNANDEZ JOSE JUAN
B19: 9 | C19: 23001507 | D19: GOMEZ DEANDA JONATHAN BRANDON
B20: =B19+1 -> 10 | C20: 22001028 | D20: GRANADOS CONCHAS MIRIAM CRISTINA
B21: 11 | C21: 23001474 | D21: HERNANDEZ OROPEZA EMMANUELLE
B22: 12 | C22: 23001506 | D22: HERNANDEZ PARTIDA BRAYAN MIGUEL ANGEL
B23: 13 | C23: 23001518 | D23: MAGAÑA BARRERA YTANG EMMANUEL
B24: 14 | C24: 22002496 | D24: MUÑOZ OLIVARES JOSE OSVALDO
B25: 15 | C25: 23001468 | D25: PEREZ DE LA TORRE ERICK MISSAEL
B26: 16 | C26: 23001508 | D26: RAMIREZ NAVARRO JUAN PABLO
B27: 17 | C27: 23001523 | D27: RAMIREZ RIOS SANDRO ALEXIS
B28: 18 | C28: 21002445 | D28: RIVERA HERNANDEZ JOSUE ARMANDO
B29: 19 | C29: 23000643 | D29: RIZO MENDOZA JUAN CARLOS
B30: 20 | C30: 22001418 | D30: RUIZ GONZALEZ MELCHOR
B31: 21 | C31: 23001066 | D31: SANCHEZ PEREZ GILBERTO
B32: 22 | C32: 23001525 | D32: VARGAS NUÑEZ PAULINA ANGELICA
... B34: 24 | C34: 23001503 | D34: ZAVALA ZAVALA JOSE LUIS URIEL

Sheet Parcial 3
B2: UNIVERSIDAD TECNOLÓGICA DE LEÓN.
B3: Mayo - Agosto 2026.
B4: INGENIERÍA EN DESARROLLO Y GESTIÓN DE SOFTWARE.
B5: IDGS 903
B6: EXTRACCIÓN DE CONOCIMIENTO EN BASES DE DATOS.
B8: No. | C8: Matrícula | D8: Nombre | E8: Asistencia | N8: Prácticas | T8: Tareas | W8: Proyecto | Y8: Examen | AA8: Calif. Parcial 3
E9: S 11 | G9: S 12 | I9: S 13 | K9: S 14 | M9: Faltas
E10: 46211 | F10: 46212 | G10: 46218 | H10: 46219 | I10: 46239 | J10: 46240 | K10: 46246 | L10: 46247 | N10: 3.1 | O10: 3.2 | P10: 3.3 | Q10: 3.4 | R10: 3.5 | S10: 0.25 | T10: 3.1 | U10: 3.2 | V10: 0.2 | W10: 3.1 | X10: 0.25 | Y10: 3.1 | Z10: 0.25
B11: 1 | C11: 23001511 | D11: ARELLANO MARTINEZ ESTEFANIA ISABEL
B12: =B11+1 -> 2 | C12: 23001521 | D12: CORTES CRUZ MARIANA GUADALUPE
B13: =B12+1 -> 3 | C13: 23001496 | D13: CRUZ DE LA CRUZ YANETH GUADALUPE
B14: =B13+1 -> 4 | C14: 23001488 | D14: CUELLAR GUTIERREZ JOSE ANGEL
B15: =B14+1 -> 5 | C15: 23001065 | D15: ESQUIVEL TORRES SALVADOR
B16: =B15+1 -> 6 | C16: 23001491 | D16: FLOREANO PARRA REY ADONAI
B17: =B16+1 -> 7 | C17: 23001358 | D17: GALVAN RODRIGUEZ ADRIANA MICHELLE
B18: =B17+1 -> 8 | C18: 23001499 | D18: GARCIA HERNANDEZ JOSE JUAN
B19: =B18+1 -> 9 | C19: 23001507 | D19: GOMEZ DEANDA JONATHAN BRANDON
B20: =B19+1 -> 10 | C20: 22001028 | D20: GRANADOS CONCHAS MIRIAM CRISTINA
B21: =B20+1 -> 11 | C21: 23001474 | D21: HERNANDEZ OROPEZA EMMANUELLE
B22: =B21+1 -> 12 | C22: 23001506 | D22: HERNANDEZ PARTIDA BRAYAN MIGUEL ANGEL
B23: =B22+1 -> 13 | C23: 23001518 | D23: MAGAÑA BARRERA YTANG EMMANUEL
... B34: =B33+1 -> 24 | C34: 23001503 | D34: ZAVALA ZAVALA JOSE LUIS URIEL

Sheet Promedio
B2: UNIVERSIDAD TECNOLÓGICA DE LEÓN.
B3: Mayo - Agosto 2026.
B4: INGENIERÍA EN DESARROLLO Y GESTIÓN DE SOFTWARE.
B5: IDGS 903
B6: EXTRACCIÓN DE CONOCIMIENTO EN BASES DE DATOS.
B8: No. | C8: Matrícula | D8: Nombre | E8: PARCIAL 1 | G8: PARCIAL 2 | I8: PARCIAL 3 | K8: TOTAL FALTAS | L8: CAL. FINAL
E9: FALTAS | F9: CAL. | G9: FALTAS | H9: CALIF. | I9: FALTAS | J9: CALIF
B11: 1 | C11: 23001511 | D11: ARELLANO MARTINEZ ESTEFANIA ISABEL | E11: ='Parcial 1'!O11 -> 4 | F11: ='Parcial 1'!AF11 -> 0.21428571 | K11: =I11+G11+E11 -> 4 | L11: =(J11+H11+F11)/3 -> 0.071428571
B12: =B11+1 -> 2 | C12: 23001521 | D12: CORTES CRUZ MARIANA GUADALUPE | E12: ='Parcial 1'!O12 -> 0 | F12: ='Parcial 1'!AF12 -> 4.8571429 | K12: =I12+G12+E12 -> 0 | L12: =(J12+H12+F12)/3 -> 1.6190476
B13: 3 | C13: 23001496 | D13: CRUZ DE LA CRUZ YANETH GUADALUPE | E13: ='Parcial 1'!O13 -> 0 | F13: ='Parcial 1'!AF13 -> 4.7380952 | K13: =I13+G13+E13 -> 0 | L13: =(J13+H13+F13)/3 -> 1.5793651
B14: =B13+1 -> 4 | C14: 23001488 | D14: CUELLAR GUTIERREZ JOSE ANGEL | E14: ='Parcial 1'!O14 -> 0 | F14: ='Parcial 1'!AF14 -> 5 | K14: =I14+G14+E14 -> 0 | L14: =(J14+H14+F14)/3 -> 1.6666667
B15: =B14+1 -> 5 | C15: 23001065 | D15: ESQUIVEL TORRES SALVADOR | E15: ='Parcial 1'!O15 -> 0 | F15: ='Parcial 1'!AF15 -> 2.2261905 | K15: =I15+G15+E15 -> 0 | L15: =(J15+H15+F15)/3 -> 0.74206349
B16: =B15+1 -> 6 | C16: 23001491 | D16: FLOREANO PARRA REY ADONAI | E16: ='Parcial 1'!O16 -> 1 | F16: ='Parcial 1'!AF16 -> 4.9285714 | K16: =I16+G16+E16 -> 1 | L16: =(J16+H16+F16)/3 -> 1.6428571
B17: =B16+1 -> 7 | C17: 23001358 | D17: GALVAN RODRIGUEZ ADRIANA MICHELLE | E17: ='Parcial 1'!O17 -> 2 | F17: ='Parcial 1'!AF17 -> 3.5714286 | K17: =I17+G17+E17 -> 2 | L17: =(J17+H17+F17)/3 -> 1.1904762
B18: 8 | C18: 23001499 | D18: GARCIA HERNANDEZ JOSE JUAN | E18: ='Parcial 1'!O18 -> 0 | F18: ='Parcial 1'!AF18 -> 5 | K18: =I18+G18+E18 -> 0 | L18: =(J18+H18+F18)/3 -> 1.6666667
B19: 9 | C19: 23001507 | D19: GOMEZ DEANDA JONATHAN BRANDON | E19: ='Parcial 1'!O19 -> 0 | F19: ='Parcial 1'!AF19 -> 3.9404762 | K19: =I19+G19+E19 -> 0 | L19: =(J19+H19+F19)/3 -> 1.3134921
B20: =B19+1 -> 10 | C20: 22001028 | D20: GRANADOS CONCHAS MIRIAM CRISTINA | E20: ='Parcial 1'!O20 -> 0 | F20: ='Parcial 1'!AF20 -> 3.547619 | K20: =I20+G20+E20 -> 0 | L20: =(J20+H20+F20)/3 -> 1.1825397
B21: 11 | C21: 23001474 | D21: HERNANDEZ OROPEZA EMMANUELLE | E21: ='Parcial 1'!O21 -> 1 | F21: ='Parcial 1'!AF21 -> 4.8095238 | K21: =I21+G21+E21 -> 1 | L21: =(J21+H21+F21)/3 -> 1.6031746
B22: 12 | C22: 23001506 | D22: HERNANDEZ PARTIDA BRAYAN MIGUEL ANGEL | E22: ='Parcial 1'!O22 -> 0 | F22: ='Parcial 1'!AF22 -> 4.9166667 | K22: =I22+G22+E22 -> 0 | L22: =(J22+H22+F22)/3 -> 1.6388889
B23: 13 | C23: 23001518 | D23: MAGAÑA BARRERA YTANG EMMANUEL | E23: ='Parcial 1'!O23 -> 1 | F23: ='Parcial 1'!AF23 -> 4.8809524 | K23: =I23+G23+E23 -> 1 | L23: =(J23+H23+F23)/3 -> 1.6269841
B24: 14 | C24: 22002496 | D24: MUÑOZ OLIVARES JOSE OSVALDO | E24: ='Parcial 1'!O24 -> 1 | F24: ='Parcial 1'!AF24 -> 3.9166667 | K24: =I24+G24+E24 -> 1 | L24: =(J24+H24+F24)/3 -> 1.3055556
B25: 15 | C25: 23001468 | D25: PEREZ DE LA TORRE ERICK MISSAEL | E25: ='Parcial 1'!O25 -> 0 | F25: ='Parcial 1'!AF25 -> 4.75 | K25: =I25+G25+E25 -> 0 | L25: =(J25+H25+F25)/3 -> 1.5833333
B26: 16 | C26: 23001508 | D26: RAMIREZ NAVARRO JUAN PABLO | E26: ='Parcial 1'!O26 -> 0 | F26: ='Parcial 1'!AF26 -> 5 | K26: =I26+G26+E26 -> 0 | L26: =(J26+H26+F26)/3 -> 1.6666667
B27: 17 | C27: 23001523 | D27: RAMIREZ RIOS SANDRO ALEXIS | E27: ='Parcial 1'!O27 -> 0 | F27: ='Parcial 1'!AF27 -> 4.6071429 | K27: =I27+G27+E27 -> 0 | L27: =(J27+H27+F27)/3 -> 1.5357143
B28: 18 | C28: 21002445 | D28: RIVERA HERNANDEZ JOSUE ARMANDO | E28: ='Parcial 1'!O28 -> 1 | F28: ='Parcial 1'!AF28 -> 3.6309524 | K28: =I28+G28+E28 -> 1 | L28: =(J28+H28+F28)/3 -> 1.2103175
B29: 19 | C29: 23000643 | D29: RIZO MENDOZA JUAN CARLOS | E29: ='Parcial 1'!O29 -> 0 | F29: ='Parcial 1'!AF29 -> 3.6190476 | K29: =I29+G29+E29 -> 0 | L29: =(J29+H29+F29)/3 -> 1.2063492
B30: 20 | C30: 22001418 | D30: RUIZ GONZALEZ MELCHOR | E30: ='Parcial 1'!O30 -> 0 | F30: ='Parcial 1'!AF30 -> 4.9285714 | K30: =I30+G30+E30 -> 0 | L30: =(J30+H30+F30)/3 -> 1.6428571
B31: 21 | C31: 23001066 | D31: SANCHEZ PEREZ GILBERTO | E31: ='Parcial 1'!O31 -> 0 | F31: ='Parcial 1'!AF31 -> 3.9285714 | K31: =I31+G31+E31 -> 0 | L31: =(J31+H31+F31)/3 -> 1.3095238
B32: 22 | C32: 23001525 | D32: VARGAS NUÑEZ PAULINA ANGELICA | E32: ='Parcial 1'!O32 -> 0 | F32: ='Parcial 1'!AF32 -> 4.8928571 | K32: =I32+G32+E32 -> 0 | L32: =(J32+H32+F32)/3 -> 1.6309524
... B34: 24 | C34: 23001503 | D34: ZAVALA ZAVALA JOSE LUIS URIEL | E34: ='Parcial 1'!O34 -> 0 | F34: ='Parcial 1'!AF34 -> 3.6428571 | K34: =I34+G34+E34 -> 0 | L34: =(J34+H34+F34)/3 -> 1.2142857
